date,prediction,actual
2011-02-27,0.2669549,0.0
2011-02-28,0.2686623,0.0
2011-03-01,0.24676204,0.0
2011-03-02,0.22249341,0.0
2011-03-03,0.21397498,0.0
2011-03-04,0.22882402,0.0
2011-03-05,0.26018533,0.0
2011-03-06,0.28931388,0.0
2011-03-07,0.29470226,0.0
2011-03-08,0.27322158,0.0
2011-03-09,0.24757409,0.0
2011-03-10,0.23697245,0.0
2011-03-11,0.24427745,0.0
2011-03-12,0.26386824,0.0
2011-03-13,0.28063738,0.0
2011-03-14,0.27671543,0.0
2011-03-15,0.25023457,0.0
2011-03-16,0.22289982,0.0
2011-03-17,0.21213973,0.0
2011-03-18,0.2197907,0.0
2011-03-19,0.23517981,0.0
2011-03-20,0.24532777,0.0
2011-03-21,0.23656914,0.0
2011-03-22,0.20588854,0.0
2011-03-23,0.1752769,0.0
2011-03-24,0.1622639,0.0
2011-03-25,0.17321035,0.0
2011-03-26,0.20087442,0.0
2011-03-27,0.22765979,0.0
2011-03-28,0.2340183,0.0
2011-03-29,0.21680051,0.0
2011-03-30,0.19639921,0.0
2011-03-31,0.18982065,0.0
2011-04-01,0.20376775,0.0
2011-04-02,0.23154107,0.0
2011-04-03,0.25684994,0.0
2011-04-04,0.2609904,0.0
2011-04-05,0.24122915,0.0
2011-04-06,0.2189151,0.0
2011-04-07,0.21192005,0.0
2011-04-08,0.22741029,0.0
2011-04-09,0.25829196,0.0
2011-04-10,0.28623226,0.0
2011-04-11,0.29034716,0.0
2011-04-12,0.2676697,0.0
2011-04-13,0.24069992,0.0
2011-04-14,0.2284331,0.0
2011-04-15,0.23863879,0.0
2011-04-16,0.26452804,0.0
2011-04-17,0.287966,0.0
2011-04-18,0.2886072,0.0
2011-04-19,0.26363888,0.0
2011-04-20,0.2350725,0.0
2011-04-21,0.22148725,0.0
2011-04-22,0.2302517,0.0
2011-04-23,0.25461525,0.0
2011-04-24,0.27680647,0.0
2011-04-25,0.27690876,0.0
2011-04-26,0.24889019,0.0
2011-04-27,0.21575445,0.0
2011-04-28,0.19331643,0.0
2011-04-29,0.19092444,0.0
2011-04-30,0.20496026,0.0
2011-05-01,0.2206814,0.0
2011-05-02,0.22003555,0.0
2011-05-03,0.19994032,0.0
2011-05-04,0.17998534,0.0
2011-05-05,0.1765163,0.0
2011-05-06,0.1960358,0.0
2011-05-07,0.22686052,0.0
2011-05-08,0.2526901,0.0
2011-05-09,0.25603634,0.0
2011-05-10,0.23190641,0.0
2011-05-11,0.2033745,0.0
2011-05-12,0.19029757,0.0
2011-05-13,0.20098871,0.0
2011-05-14,0.22933233,0.0
2011-05-15,0.257502,0.0
2011-05-16,0.26442382,0.0
2011-05-17,0.24591783,0.0
2011-05-18,0.22301024,0.0
2011-05-19,0.21397808,0.0
2011-05-20,0.22659785,0.0
2011-05-21,0.25468382,0.0
2011-05-22,0.28056958,0.0
2011-05-23,0.283719,0.0
2011-05-24,0.2607994,0.0
2011-05-25,0.23343483,0.0
2011-05-26,0.22040322,0.0
2011-05-27,0.22938308,0.0
2011-05-28,0.25423247,0.0
2011-05-29,0.27740467,0.0
2011-05-30,0.278658,0.0
2011-05-31,0.25464624,0.0
2011-06-01,0.22296298,0.0
2011-06-02,0.19900817,0.0
2011-06-03,0.19486809,0.0
2011-06-04,0.20987093,0.0
2011-06-05,0.23020831,0.0
2011-06-06,0.23601511,0.0
2011-06-07,0.22144464,0.0
2011-06-08,0.20507067,0.0
2011-06-09,0.20378053,0.0
2011-06-10,0.22495437,0.0
2011-06-11,0.26231465,0.0
2011-06-12,0.29731974,0.0
2011-06-13,0.3075045,0.0
2011-06-14,0.28500605,0.0
2011-06-15,0.25398025,0.0
2011-06-16,0.23671326,0.0
2011-06-17,0.24356225,0.0
2011-06-18,0.26935154,0.0
2011-06-19,0.2958417,0.0
2011-06-20,0.3006218,0.0
2011-06-21,0.27539042,0.0
2011-06-22,0.24322596,0.0
2011-06-23,0.22541696,0.0
2011-06-24,0.2316786,0.0
2011-06-25,0.2566694,0.0
2011-06-26,0.28246257,0.0
2011-06-27,0.28720665,0.0
2011-06-28,0.2660948,0.0
2011-06-29,0.2403152,0.0
2011-06-30,0.22860512,0.0
2011-07-01,0.2392424,0.0
2011-07-02,0.26653686,0.0
2011-07-03,0.2945531,0.0
2011-07-04,0.30211923,0.0
2011-07-05,0.2840793,0.0
2011-07-06,0.25791654,0.0
2011-07-07,0.24448356,0.0
2011-07-08,0.25511542,0.0
2011-07-09,0.2857813,0.0
2011-07-10,0.31810266,0.0
2011-07-11,0.32787016,0.0
2011-07-12,0.30904803,0.0
2011-07-13,0.28390265,0.0
2011-07-14,0.27326226,0.0
2011-07-15,0.2869982,0.0
2011-07-16,0.31953615,0.0
2011-07-17,0.35127753,0.0
2011-07-18,0.35774955,0.0
2011-07-19,0.33374786,0.0
2011-07-20,0.30277863,0.0
2011-07-21,0.2865484,0.0
2011-07-22,0.2952466,0.0
2011-07-23,0.32332212,0.0
2011-07-24,0.35126474,0.0
2011-07-25,0.35489845,0.0
2011-07-26,0.329022,0.0
2011-07-27,0.29691294,0.0
2011-07-28,0.27972925,0.0
2011-07-29,0.287338,0.0
2011-07-30,0.31415862,0.0
2011-07-31,0.34097537,0.0
2011-08-01,0.3441589,0.0
2011-08-02,0.3185978,0.0
2011-08-03,0.28467092,0.0
2011-08-04,0.26531878,0.0
2011-08-05,0.27305228,0.0
2011-08-06,0.30394712,0.0
2011-08-07,0.3386012,0.0
2011-08-08,0.350813,0.0
2011-08-09,0.3333364,0.0
2011-08-10,0.3090213,0.0
2011-08-11,0.29960325,0.0
2011-08-12,0.31586757,0.0
2011-08-13,0.35239372,0.0
2011-08-14,0.38840806,0.0
2011-08-15,0.39731935,0.0
2011-08-16,0.37313595,0.0
2011-08-17,0.34079212,0.0
2011-08-18,0.3235565,0.0
2011-08-19,0.3328405,0.0
2011-08-20,0.36328012,0.0
2011-08-21,0.39408237,0.0
2011-08-22,0.3988714,0.0
2011-08-23,0.37172455,0.0
2011-08-24,0.3372452,0.0
2011-08-25,0.3182615,0.0
2011-08-26,0.32582375,0.0
2011-08-27,0.35447228,0.0
2011-08-28,0.38371047,0.0
2011-08-29,0.38770914,0.0
2011-08-30,0.3606518,0.0
2011-08-31,0.32671407,0.0
2011-09-01,0.30803683,0.0
2011-09-02,0.31011423,0.0
2011-09-03,0.33160925,0.99999994
2011-09-04,0.3571963,0.99999994
2011-09-05,0.3659747,6.0
2011-09-06,0.35313022,0.0
2011-09-07,0.35417628,0.0
2011-09-08,0.40762305,5.0
2011-09-09,0.54884523,0.99999994
2011-09-10,0.81153953,0.99999994
2011-09-11,1.1611767,0.99999994
2011-09-12,1.4432003,6.0
2011-09-13,1.5994873,3.9999998
2011-09-14,1.699387,0.0
2011-09-15,1.8561854,1.9999999
2011-09-16,2.1663249,2.9999998
2011-09-17,2.6130714,7.0000005
2011-09-18,3.2086077,3.9999998
2011-09-19,3.668613,1.9999999
2011-09-20,3.8569598,5.0
2011-09-21,3.9127798,10.0
2011-09-22,4.0464187,3.9999998
2011-09-23,4.5533867,3.9999998
2011-09-24,5.6061926,2.9999998
2011-09-25,5.92714,3.9999998
2011-09-26,5.9690714,6.0
2011-09-27,5.2179127,5.0
2011-09-28,3.992338,0.0
2011-09-29,3.2422018,2.9999998
2011-09-30,2.9237416,1.9999999
2011-10-01,3.4077485,2.9999998
2011-10-02,4.190035,0.0
2011-10-03,4.2506843,3.9999998
2011-10-04,3.663564,3.9999998
2011-10-05,3.0226173,3.9999998
2011-10-06,2.673894,2.9999998
2011-10-07,2.6136692,3.9999998
2011-10-08,3.0542512,0.99999994
2011-10-09,3.7616608,2.9999998
2011-10-10,3.753743,1.9999999
2011-10-11,3.1171122,0.0
2011-10-12,2.6309245,2.9999998
2011-10-13,2.334823,0.99999994
2011-10-14,2.2905052,0.99999994
2011-10-15,2.505108,0.0
2011-10-16,3.3218403,1.9999999
2011-10-17,3.4791553,8.0
2011-10-18,2.9144382,2.9999998
2011-10-19,2.4903195,0.0
2011-10-20,2.287193,2.9999998
2011-10-21,2.3175666,3.9999998
2011-10-22,2.653151,1.9999999
2011-10-23,3.6656427,3.9999998
2011-10-24,3.7474735,6.0
2011-10-25,3.1331003,2.9999998
2011-10-26,2.636566,1.9999999
2011-10-27,2.4336393,2.9999998
2011-10-28,2.4699113,0.99999994
2011-10-29,3.1163886,2.9999998
2011-10-30,4.0294003,2.9999998
2011-10-31,4.0795174,7.0000005
2011-11-01,3.4583359,1.9999999
2011-11-02,2.863156,3.9999998
2011-11-03,2.5077372,1.9999999
2011-11-04,2.5106473,2.9999998
2011-11-05,3.1517644,5.0
2011-11-06,4.070544,3.9999998
2011-11-07,4.116175,1.9999999
2011-11-08,3.489205,2.9999998
2011-11-09,2.8676875,1.9999999
2011-11-10,2.4912345,2.9999998
2011-11-11,2.4629533,3.9999998
2011-11-12,2.9016669,1.9999999
2011-11-13,3.7839642,2.9999998
2011-11-14,3.8373015,3.9999998
2011-11-15,3.202136,5.0
2011-11-16,2.6977472,6.0
2011-11-17,2.4106073,3.9999998
2011-11-18,2.393072,0.99999994
2011-11-19,2.7382352,10.0
2011-11-20,3.68977,2.9999998
2011-11-21,3.7899282,0.0
2011-11-22,3.1994743,0.0
2011-11-23,2.7289033,0.0
2011-11-24,2.5108967,0.0
2011-11-25,2.6461291,0.0
2011-11-26,3.6713939,3.9999998
2011-11-27,4.4425364,6.0
2011-11-28,4.434566,3.9999998
2011-11-29,3.7641826,2.9999998
2011-11-30,3.0756044,2.9999998
2011-12-01,2.7610774,5.0
2011-12-02,2.7656124,0.99999994
2011-12-03,3.5195336,1.9999999
2011-12-04,4.347106,9.0
2011-12-05,4.37352,3.9999998
2011-12-06,3.7239692,2.9999998
2011-12-07,3.0569525,2.9999998
2011-12-08,2.769619,6.0
2011-12-09,2.8698788,0.0
2011-12-10,3.8334713,2.9999998
2011-12-11,4.602713,11.0
2011-12-12,4.5717435,6.0
2011-12-13,3.8768923,1.9999999
2011-12-14,3.1630805,0.99999994
2011-12-15,2.922738,6.0
2011-12-16,3.132637,3.9999998
2011-12-17,4.231838,5.0
2011-12-18,4.990482,2.9999998
2011-12-19,4.956953,3.9999998
2011-12-20,4.2341127,5.0
2011-12-21,3.4560819,11.0
2011-12-22,3.0589058,5.0
2011-12-23,3.1351848,0.99999994
2011-12-24,4.117958,0.99999994
2011-12-25,4.9284973,0.0
2011-12-26,4.979216,0.0
2011-12-27,4.30855,9.0
2011-12-28,3.5330596,0.99999994
2011-12-29,3.1523998,3.9999998
2011-12-30,3.3330364,5.0
2011-12-31,4.2871947,6.0
2012-01-01,4.9952345,2.9999998
2012-01-02,4.972286,1.9999999
2012-01-03,4.2906957,6.0
2012-01-04,3.552309,1.9999999
2012-01-05,3.208901,3.9999998
2012-01-06,3.483756,5.0
2012-01-07,4.3706555,6.0
2012-01-08,4.9369855,9.0
2012-01-09,4.7832217,3.9999998
2012-01-10,4.059278,3.9999998
2012-01-11,3.3630733,1.9999999
2012-01-12,3.0735953,0.0
2012-01-13,3.3049054,5.0
2012-01-14,4.2440352,1.9999999
2012-01-15,4.8578763,5.0
2012-01-16,4.739206,5.0
2012-01-17,4.031234,2.9999998
2012-01-18,3.3144734,0.99999994
2012-01-19,3.0222507,6.0
2012-01-20,3.1628425,1.9999999
2012-01-21,4.0796885,2.9999998
2012-01-22,4.709466,5.0
2012-01-23,4.6033416,5.0
2012-01-24,3.889655,2.9999998
2012-01-25,3.184278,2.9999998
2012-01-26,2.9206653,2.9999998
2012-01-27,2.9951744,3.9999998
2012-01-28,3.8157232,5.0
2012-01-29,4.4846478,3.9999998
2012-01-30,4.3975744,1.9999999
2012-01-31,3.7079935,1.9999999
2012-02-01,3.0557573,2.9999998
2012-02-02,2.7691336,1.9999999
2012-02-03,2.8341417,0.99999994
2012-02-04,3.6629944,7.0000005
2012-02-05,4.3947654,5.0
2012-02-06,4.355667,1.9999999
2012-02-07,3.686117,7.0000005
2012-02-08,3.0350816,7.0000005
2012-02-09,2.772066,1.9999999
2012-02-10,2.9217305,5.0
2012-02-11,3.9015732,1.9999999
2012-02-12,4.620586,2.9999998
2012-02-13,4.5721607,2.9999998
2012-02-14,3.8938463,3.9999998
2012-02-15,3.1882677,6.0
2012-02-16,2.9199107,0.99999994
2012-02-17,3.007339,2.9999998
2012-02-18,3.894385,3.9999998
2012-02-19,4.585956,2.9999998
2012-02-20,4.5407653,2.9999998
2012-02-21,3.855283,6.0
2012-02-22,3.1353397,0.99999994
2012-02-23,2.8339689,2.9999998
2012-02-24,2.8309858,0.99999994
2012-02-25,3.507467,2.9999998
2012-02-26,4.2423615,5.0
2012-02-27,4.2094035,1.9999999
2012-02-28,3.583844,2.9999998
2012-02-29,2.9852693,1.9999999
2012-03-01,2.683897,0.99999994
2012-03-02,2.7069185,1.9999999
2012-03-03,3.3235512,6.0
2012-03-04,4.078509,8.0
2012-03-05,4.0852456,3.9999998
2012-03-06,3.5123491,0.99999994
2012-03-07,2.9691632,0.99999994
2012-03-08,2.7483258,3.9999998
2012-03-09,2.9381132,2.9999998
2012-03-10,3.8060856,2.9999998
2012-03-11,4.4345083,3.9999998
2012-03-12,4.3339562,2.9999998
2012-03-13,3.6647785,6.0
2012-03-14,3.0313358,1.9999999
2012-03-15,2.7590415,2.9999998
2012-03-16,2.8285818,1.9999999
2012-03-17,3.62438,6.0
2012-03-18,4.3039627,0.99999994
2012-03-19,4.1931496,6.0
2012-03-20,3.51936,3.9999998
2012-03-21,2.950923,3.9999998
2012-03-22,2.653691,5.0
2012-03-23,2.754884,3.9999998
2012-03-24,3.6165466,3.9999998
2012-03-25,4.3404293,5.0
2012-03-26,4.270913,1.9999999
2012-03-27,3.6127725,3.9999998
2012-03-28,2.995896,3.9999998
2012-03-29,2.6958268,0.99999994
2012-03-30,2.7487805,1.9999999
2012-03-31,3.512049,1.9999999
2012-04-01,4.239292,3.9999998
2012-04-02,4.1807504,6.0
2012-04-03,3.542471,2.9999998
2012-04-04,2.9594421,0.99999994
2012-04-05,2.6458588,0.0
2012-04-06,2.6941934,3.9999998
2012-04-07,3.3828745,1.9999999
2012-04-08,4.136558,2.9999998
2012-04-09,4.115014,0.0
2012-04-10,3.4877093,2.9999998
2012-04-11,2.9159212,3.9999998
2012-04-12,2.56751,1.9999999
2012-04-13,2.5791414,8.0
2012-04-14,3.1214378,3.9999998
2012-04-15,3.9163153,5.0
2012-04-16,3.9319465,3.9999998
2012-04-17,3.3005357,1.9999999
2012-04-18,2.8288138,0.0
2012-04-19,2.5682585,2.9999998
2012-04-20,2.7273097,5.0
2012-04-21,3.7085164,3.9999998
2012-04-22,4.4439397,2.9999998
2012-04-23,4.4098444,11.0
2012-04-24,3.7239883,0.99999994
2012-04-25,3.0691667,2.9999998
2012-04-26,2.8293643,3.9999998
2012-04-27,3.0048888,0.99999994
2012-04-28,3.9806526,5.0
2012-04-29,4.6928263,8.0
2012-04-30,4.658683,5.0
2012-05-01,4.0107384,1.9999999
2012-05-02,3.3325071,6.0
2012-05-03,3.072118,2.9999998
2012-05-04,3.364121,3.9999998
2012-05-05,4.364953,3.9999998
2012-05-06,5.028161,1.9999999
2012-05-07,4.989726,6.0
2012-05-08,4.333964,5.0
2012-05-09,3.5975947,2.9999998
2012-05-10,3.2237628,1.9999999
2012-05-11,3.367286,2.9999998
2012-05-12,4.1504188,6.0
2012-05-13,4.7345734,7.0000005
2012-05-14,4.6722717,5.0
2012-05-15,4.0047913,3.9999998
2012-05-16,3.309207,3.9999998
2012-05-17,3.0192013,3.9999998
2012-05-18,3.1331165,0.0
2012-05-19,4.029206,3.9999998
2012-05-20,4.7090907,0.99999994
2012-05-21,4.698286,0.99999994
2012-05-22,4.0745583,5.0
2012-05-23,3.380295,5.0
2012-05-24,3.0482748,6.0
2012-05-25,3.0963385,1.9999999
2012-05-26,3.8597703,3.9999998
2012-05-27,4.522488,2.9999998
2012-05-28,4.52517,5.0
2012-05-29,3.908754,5.0
2012-05-30,3.2169406,2.9999998
2012-05-31,2.9473946,2.9999998
2012-06-01,3.0153337,5.0
2012-06-02,3.8324401,8.0
2012-06-03,4.577371,6.0
2012-06-04,4.639869,0.0
2012-06-05,4.084517,5.0
2012-06-06,3.44183,5.0
2012-06-07,3.1365826,3.9999998
2012-06-08,3.4159696,3.9999998
2012-06-09,4.299987,2.9999998
2012-06-10,4.930912,5.0
2012-06-11,4.8889575,7.0000005
2012-06-12,4.246773,7.0000005
2012-06-13,3.5289602,2.9999998
2012-06-14,3.1536357,7.0000005
2012-06-15,3.3124127,3.9999998
2012-06-16,4.2176495,7.0000005
2012-06-17,4.9504924,6.0
2012-06-18,5.009739,6.0
2012-06-19,4.4041266,3.9999998
2012-06-20,3.688737,6.0
2012-06-21,3.3272367,5.0
2012-06-22,3.6042676,5.0
2012-06-23,4.457106,6.0
2012-06-24,5.070451,9.0
2012-06-25,5.0623302,5.0
2012-06-26,4.444049,6.0
2012-06-27,3.7265515,2.9999998
2012-06-28,3.3706124,8.0
2012-06-29,3.6313355,1.9999999
2012-06-30,4.4912896,6.0
2012-07-01,5.12912,5.0
2012-07-02,5.145214,6.0
2012-07-03,4.5358424,8.0
2012-07-04,3.7985942,1.9999999
2012-07-05,3.4685102,6.0
2012-07-06,3.773909,5.0
2012-07-07,4.6425896,3.9999998
2012-07-08,5.273231,2.9999998
2012-07-09,5.320614,2.9999998
2012-07-10,4.7606688,2.9999998
2012-07-11,3.9956312,2.9999998
2012-07-12,3.5754848,2.9999998
2012-07-13,3.742351,6.0
2012-07-14,4.464795,5.0
2012-07-15,5.0488834,5.0
2012-07-16,5.0204477,7.0000005
2012-07-17,4.387629,3.9999998
2012-07-18,3.6526594,3.9999998
2012-07-19,3.2704606,6.0
2012-07-20,3.4260316,1.9999999
2012-07-21,4.28538,5.0
2012-07-22,4.9532766,5.0
2012-07-23,4.9690037,2.9999998
2012-07-24,4.372893,3.9999998
2012-07-25,3.6690438,7.0000005
2012-07-26,3.3013198,2.9999998
2012-07-27,3.522429,2.9999998
2012-07-28,4.3675547,7.0000005
2012-07-29,4.99357,3.9999998
2012-07-30,4.9633574,6.0
2012-07-31,4.3283215,7.0000005
2012-08-01,3.6045995,5.0
2012-08-02,3.243628,1.9999999
2012-08-03,3.4915326,6.0
2012-08-04,4.4387994,2.9999998
2012-08-05,5.129077,0.0
2012-08-06,5.168269,5.0
2012-08-07,4.542639,2.9999998
2012-08-08,3.7691774,3.9999998
2012-08-09,3.3795547,3.9999998
2012-08-10,3.5723653,3.9999998
2012-08-11,4.4056892,2.9999998
2012-08-12,5.0452423,3.9999998
2012-08-13,5.021369,6.0
2012-08-14,4.3590617,6.0
2012-08-15,3.5958557,6.0
2012-08-16,3.1886842,1.9999999
2012-08-17,3.3009467,7.0000005
2012-08-18,4.1544223,8.0
2012-08-19,4.878278,9.0
2012-08-20,4.9238296,5.0
2012-08-21,4.3142123,2.9999998
2012-08-22,3.6095574,7.0000005
2012-08-23,3.3053808,0.99999994
2012-08-24,3.7292867,1.9999999
2012-08-25,4.6944065,5.0
2012-08-26,5.311884,6.0
2012-08-27,5.3169193,8.0
2012-08-28,4.686276,1.9999999
2012-08-29,3.873025,6.0
2012-08-30,3.482111,1.9999999
2012-08-31,3.7087498,0.0
2012-09-01,4.5732684,2.9999998
2012-09-02,5.219331,8.0
2012-09-03,5.254663,3.9999998
2012-09-04,4.657041,5.0
2012-09-05,3.8587093,6.0
2012-09-06,3.4675374,2.9999998
2012-09-07,3.710877,6.0
2012-09-08,4.5875196,1.9999999
2012-09-09,5.2311854,9.0
2012-09-10,5.2433715,6.0
2012-09-11,4.597471,5.0
2012-09-12,3.7911122,6.0
2012-09-13,3.4084651,2.9999998
2012-09-14,3.6659567,5.0
2012-09-15,4.591953,2.9999998
2012-09-16,5.258676,9.0
2012-09-17,5.282578,2.9999998
2012-09-18,4.6336827,7.0000005
2012-09-19,3.795873,6.0
2012-09-20,3.389232,1.9999999
2012-09-21,3.577153,0.99999994
2012-09-22,4.4948616,9.0
2012-09-23,5.1882024,6.0
2012-09-24,5.2407947,2.9999998
2012-09-25,4.637892,2.9999998
2012-09-26,3.8422513,7.0000005
2012-09-27,3.4504433,3.9999998
2012-09-28,3.6930935,2.9999998
2012-09-29,4.576991,0.0
2012-09-30,5.235086,5.0
2012-10-01,5.273778,3.9999998
2012-10-02,4.667071,8.0
2012-10-03,3.8648977,3.9999998
2012-10-04,3.4740021,5.0
2012-10-05,3.6983497,5.0
2012-10-06,4.566102,2.9999998
2012-10-07,5.2064,8.0
2012-10-08,5.1978054,5.0
2012-10-09,4.510423,8.0
2012-10-10,3.696126,2.9999998
2012-10-11,3.302506,0.99999994
2012-10-12,3.5572073,3.9999998
2012-10-13,4.5509586,5.0
2012-10-14,5.241943,10.0
2012-10-15,5.264171,3.9999998
2012-10-16,4.5992885,0.0
2012-10-17,3.7697802,1.9999999
2012-10-18,3.3727765,3.9999998
2012-10-19,3.5831287,5.0
2012-10-20,4.5141716,0.99999994
2012-10-21,5.2042136,7.0000005
2012-10-22,5.226542,13.0
2012-10-23,4.552588,5.0
2012-10-24,3.7398396,3.9999998
2012-10-25,3.3679523,5.0
2012-10-26,3.7026548,0.0
2012-10-27,4.710663,0.99999994
2012-10-28,5.3574705,5.0
2012-10-29,5.3859067,5.0
2012-10-30,4.779635,6.0
2012-10-31,3.9817002,3.9999998
2012-11-01,3.5937316,1.9999999
2012-11-02,3.8773532,7.0000005
2012-11-03,4.739764,6.0
2012-11-04,5.342076,8.0
2012-11-05,5.363472,7.0000005
2012-11-06,4.7445774,5.0
2012-11-07,3.9117355,8.0
2012-11-08,3.4976764,1.9999999
2012-11-09,3.716118,3.9999998
2012-11-10,4.617289,7.0000005
2012-11-11,5.2705283,8.0
2012-11-12,5.288766,2.9999998
2012-11-13,4.6183643,7.0000005
2012-11-14,3.773926,0.99999994
2012-11-15,3.3898606,3.9999998
2012-11-16,3.66355,3.9999998
2012-11-17,4.639038,3.9999998
2012-11-18,5.3007774,5.0
2012-11-19,5.3049793,6.0
2012-11-20,4.6211905,1.9999999
2012-11-21,3.7604632,5.0
2012-11-22,3.335596,0.99999994
2012-11-23,3.4460711,1.9999999
2012-11-24,4.313939,0.99999994
2012-11-25,5.0121965,5.0
2012-11-26,5.019838,6.0
2012-11-27,4.351222,6.0
2012-11-28,3.5795684,5.0
2012-11-29,3.181713,5.0
2012-11-30,3.3204572,3.9999998
2012-12-01,4.231646,1.9999999
2012-12-02,4.9454045,7.0000005
2012-12-03,4.9243083,7.0000005
2012-12-04,4.241381,5.0
2012-12-05,3.4985714,0.0
2012-12-06,3.1348724,2.9999998
2012-12-07,3.3757699,5.0
2012-12-08,4.409675,1.9999999
2012-12-09,5.100994,6.0
2012-12-10,5.0562863,9.0
2012-12-11,4.305876,2.9999998
2012-12-12,3.519698,3.9999998
2012-12-13,3.1228552,3.9999998
2012-12-14,3.301462,3.9999998
2012-12-15,4.321352,5.0
2012-12-16,5.0569706,6.0
2012-12-17,5.0294466,11.0
2012-12-18,4.2796726,6.0
2012-12-19,3.502519,1.9999999
2012-12-20,3.1378777,2.9999998
2012-12-21,3.4382515,1.9999999
2012-12-22,4.532144,3.9999998
2012-12-23,5.227861,3.9999998
2012-12-24,5.2102394,10.0
2012-12-25,4.480844,1.9999999
2012-12-26,3.6618462,0.0
2012-12-27,3.253521,2.9999998
2012-12-28,3.4396894,6.0
2012-12-29,4.439294,6.0
2012-12-30,5.159306,6.0
2012-12-31,5.1656165,10.0
2013-01-01,4.4581976,0.99999994
2013-01-02,3.6571395,2.9999998
2013-01-03,3.264376,2.9999998
2013-01-04,3.5353198,8.0
2013-01-05,4.5557404,3.9999998
2013-01-06,5.2539277,8.0
2013-01-07,5.2743063,7.0000005
2013-01-08,4.6052866,8.0
2013-01-09,3.7667909,10.0
2013-01-10,3.3902533,1.9999999
2013-01-11,3.7503018,1.9999999
2013-01-12,4.733392,3.9999998
2013-01-13,5.340006,9.0
2013-01-14,5.307781,3.9999998
2013-01-15,4.606303,2.9999998
2013-01-16,3.778812,1.9999999
2013-01-17,3.4261901,3.9999998
2013-01-18,3.7653477,2.9999998
2013-01-19,4.671087,5.0
2013-01-20,5.251436,6.0
2013-01-21,5.18084,7.0000005
2013-01-22,4.4426475,3.9999998
2013-01-23,3.6365945,5.0
2013-01-24,3.2415874,0.0
2013-01-25,3.4252648,2.9999998
2013-01-26,4.356977,2.9999998
2013-01-27,5.0158052,2.9999998
2013-01-28,4.935686,6.0
2013-01-29,4.222049,0.0
2013-01-30,3.4827673,0.0
2013-01-31,3.1192179,6.0
2013-02-01,3.2678907,5.0
2013-02-02,4.1474504,9.0
2013-02-03,4.818054,2.9999998
2013-02-04,4.7793574,9.0
2013-02-05,4.1028295,2.9999998
2013-02-06,3.421057,0.0
2013-02-07,3.151271,3.9999998
2013-02-08,3.605196,3.9999998
2013-02-09,4.582958,6.0
2013-02-10,5.175405,8.0
2013-02-11,5.049352,3.9999998
2013-02-12,4.2975826,3.9999998
2013-02-13,3.552469,7.0000005
2013-02-14,3.2149384,2.9999998
2013-02-15,3.5243998,5.0
2013-02-16,4.471346,6.0
2013-02-17,5.1048,6.0
2013-02-18,5.0655055,8.0
2013-02-19,4.379277,5.0
2013-02-20,3.613792,5.0
2013-02-21,3.2521887,1.9999999
2013-02-22,3.4991264,1.9999999
2013-02-23,4.4163694,3.9999998
2013-02-24,5.0477824,3.9999998
2013-02-25,4.9786944,1.9999999
2013-02-26,4.2714434,9.0
2013-02-27,3.5285716,1.9999999
2013-02-28,3.1736085,1.9999999
2013-03-01,3.4237337,6.0
2013-03-02,4.3572035,3.9999998
2013-03-03,4.990794,10.0
2013-03-04,4.899798,8.0
2013-03-05,4.2047753,6.0
2013-03-06,3.500971,5.0
2013-03-07,3.196845,1.9999999
2013-03-08,3.629614,5.0
2013-03-09,4.6294794,1.9999999
2013-03-10,5.247343,9.0
2013-03-11,5.20162,2.9999998
2013-03-12,4.4964304,3.9999998
2013-03-13,3.7222104,0.99999994
2013-03-14,3.376024,2.9999998
2013-03-15,3.683633,3.9999998
2013-03-16,4.5468287,2.9999998
2013-03-17,5.1265726,1.9999999
2013-03-18,5.021026,3.9999998
2013-03-19,4.295052,1.9999999
2013-03-20,3.5402913,3.9999998
2013-03-21,3.1454961,6.0
2013-03-22,3.2304115,0.99999994
2013-03-23,4.0243025,5.0
2013-03-24,4.6353087,3.9999998
2013-03-25,4.569451,3.9999998
2013-03-26,3.891352,2.9999998
2013-03-27,3.2077665,2.9999998
2013-03-28,2.9606783,1.9999999
2013-03-29,3.0559943,1.9999999
2013-03-30,3.8801055,3.9999998
2013-03-31,4.5129757,2.9999998
2013-04-01,4.443368,1.9999999
2013-04-02,3.748583,1.9999999
2013-04-03,3.0818374,5.0
2013-04-04,2.7885413,2.9999998
2013-04-05,2.8278215,2.9999998
2013-04-06,3.6292174,5.0
2013-04-07,4.388422,3.9999998
2013-04-08,4.3887606,0.99999994
2013-04-09,3.7425337,6.0
2013-04-10,3.0718453,7.0000005
2013-04-11,2.7794309,3.9999998
2013-04-12,2.8025446,1.9999999
2013-04-13,3.5568943,6.0
2013-04-14,4.3150706,5.0
2013-04-15,4.3092623,7.0000005
2013-04-16,3.6849031,0.99999994
2013-04-17,3.0621867,3.9999998
2013-04-18,2.8449352,1.9999999
2013-04-19,3.0628185,2.9999998
2013-04-20,4.036071,6.0
2013-04-21,4.7048397,2.9999998
2013-04-22,4.630809,3.9999998
2013-04-23,3.9486203,1.9999999
2013-04-24,3.2324235,0.99999994
2013-04-25,2.9425163,2.9999998
2013-04-26,2.9674988,1.9999999
2013-04-27,3.6682503,3.9999998
2013-04-28,4.3535366,2.9999998
2013-04-29,4.309931,6.0
2013-04-30,3.669771,5.0
2013-05-01,3.0384297,3.9999998
2013-05-02,2.741191,0.99999994
2013-05-03,2.7770462,2.9999998
2013-05-04,3.53573,1.9999999
2013-05-05,4.3267365,8.0
2013-05-06,4.353429,6.0
2013-05-07,3.7256985,9.0
2013-05-08,3.080643,5.0
2013-05-09,2.8684874,1.9999999
2013-05-10,3.1221197,3.9999998
2013-05-11,4.184847,7.0000005
2013-05-12,4.896981,6.0
2013-05-13,4.847028,3.9999998
2013-05-14,4.1633177,0.99999994
2013-05-15,3.430079,5.0
2013-05-16,3.08956,2.9999998
2013-05-17,3.2668214,1.9999999
2013-05-18,4.181831,2.9999998
2013-05-19,4.8739967,3.9999998
2013-05-20,4.854341,7.0000005
2013-05-21,4.2058406,8.0
2013-05-22,3.47707,2.9999998
2013-05-23,3.103876,3.9999998
2013-05-24,3.1746871,5.0
2013-05-25,3.9764457,3.9999998
2013-05-26,4.645765,5.0
2013-05-27,4.6532025,3.9999998
2013-05-28,4.0441575,3.9999998
2013-05-29,3.3538709,3.9999998
2013-05-30,3.0485444,3.9999998
2013-05-31,3.1514719,0.99999994
2013-06-01,3.998653,10.0
2013-06-02,4.659346,7.0000005
2013-06-03,4.6666503,8.0
2013-06-04,4.068697,11.0
2013-06-05,3.4257011,0.0
2013-06-06,3.1709569,3.9999998
2013-06-07,3.6268773,1.9999999
2013-06-08,4.598288,2.9999998
2013-06-09,5.2353954,5.0
2013-06-10,5.25732,5.0
2013-06-11,4.659952,3.9999998
2013-06-12,3.9025502,2.9999998
2013-06-13,3.5333571,0.99999994
2013-06-14,3.7780185,6.0
2013-06-15,4.548465,2.9999998
2013-06-16,5.1161604,11.0
2013-06-17,5.0662875,5.0
2013-06-18,4.4031463,6.0
2013-06-19,3.671002,3.9999998
2013-06-20,3.3362725,5.0
2013-06-21,3.6416633,7.0000005
2013-06-22,4.5243473,9.0
2013-06-23,5.1628213,2.9999998
2013-06-24,5.1870794,3.9999998
2013-06-25,4.595145,7.0000005
2013-06-26,3.8561282,3.9999998
2013-06-27,3.5152285,7.0000005
2013-06-28,3.8263884,5.0
2013-06-29,4.673534,2.9999998
2013-06-30,5.2700644,10.0
2013-07-01,5.28122,3.9999998
2013-07-02,4.671203,9.0
2013-07-03,3.8852992,3.9999998
2013-07-04,3.5095272,1.9999999
2013-07-05,3.7912517,2.9999998
2013-07-06,4.6541214,6.0
2013-07-07,5.2750044,2.9999998
2013-07-08,5.3250785,7.0000005
2013-07-09,4.7825265,3.9999998
2013-07-10,4.0411043,8.0
2013-07-11,3.6348252,6.0
2013-07-12,3.8760507,5.0
2013-07-13,4.674783,6.0
2013-07-14,5.2643156,0.0
2013-07-15,5.293109,1.9999999
2013-07-16,4.7089443,6.0
2013-07-17,3.9277596,8.0
2013-07-18,3.5162985,5.0
2013-07-19,3.7144537,5.0
2013-07-20,4.5520964,0.99999994
2013-07-21,5.2030973,5.0
2013-07-22,5.2332153,8.0
2013-07-23,4.6184,3.9999998
2013-07-24,3.840445,2.9999998
2013-07-25,3.4745417,3.9999998
2013-07-26,3.7299478,1.9999999
2013-07-27,4.57318,5.0
2013-07-28,5.1893997,1.9999999
2013-07-29,5.1880713,6.0
2013-07-30,4.552581,5.0
2013-07-31,3.782838,3.9999998
2013-08-01,3.3878036,6.0
2013-08-02,3.5378551,6.0
2013-08-03,4.3506355,6.0
2013-08-04,5.0286756,6.0
2013-08-05,5.071787,6.0
2013-08-06,4.471389,5.0
2013-08-07,3.7294326,0.99999994
2013-08-08,3.343546,3.9999998
2013-08-09,3.5526538,1.9999999
2013-08-10,4.3878307,2.9999998
2013-08-11,5.0349464,6.0
2013-08-12,5.0321836,7.0000005
2013-08-13,4.398933,1.9999999
2013-08-14,3.6604633,3.9999998
2013-08-15,3.277541,6.0
2013-08-16,3.452453,3.9999998
2013-08-17,4.3082533,3.9999998
2013-08-18,4.9587407,3.9999998
2013-08-19,4.9193273,9.0
2013-08-20,4.252442,3.9999998
2013-08-21,3.5160017,5.0
2013-08-22,3.1422029,2.9999998
2013-08-23,3.3194,5.0
2013-08-24,4.269714,3.9999998
2013-08-25,5.0171957,1.9999999
2013-08-26,5.0620975,7.0000005
2013-08-27,4.4243927,3.9999998
2013-08-28,3.6554193,1.9999999
2013-08-29,3.2370129,3.9999998
2013-08-30,3.3596365,1.9999999
2013-08-31,4.218176,1.9999999
2013-09-01,4.92201,1.9999999
2013-09-02,4.931134,9.0
2013-09-03,4.2899733,3.9999998
2013-09-04,3.5311031,6.0
2013-09-05,3.128203,5.0
2013-09-06,3.228384,0.99999994
2013-09-07,4.143583,1.9999999
2013-09-08,4.9060116,5.0
2013-09-09,4.9397573,6.0
2013-09-10,4.2926855,8.0
2013-09-11,3.5295794,2.9999998
2013-09-12,3.1331894,5.0
2013-09-13,3.2787085,0.0
2013-09-14,4.2165794,1.9999999
2013-09-15,4.9658732,5.0
2013-09-16,4.982687,3.9999998
2013-09-17,4.316429,1.9999999
2013-09-18,3.5456333,5.0
2013-09-19,3.1367595,1.9999999
2013-09-20,3.2114704,2.9999998
2013-09-21,4.054686,2.9999998
2013-09-22,4.760684,10.0
2013-09-23,4.7518787,6.0
2013-09-24,4.085872,8.0
2013-09-25,3.3584619,2.9999998
2013-09-26,3.0504277,1.9999999
2013-09-27,3.2264721,3.9999998
2013-09-28,4.2371993,5.0
2013-09-29,5.002642,5.0
2013-09-30,5.040951,5.0
2013-10-01,4.392947,3.9999998
2013-10-02,3.627901,2.9999998
2013-10-03,3.2282283,5.0
2013-10-04,3.4075508,0.99999994
2013-10-05,4.3124437,5.0
2013-10-06,4.9891453,1.9999999
2013-10-07,4.953191,5.0
2013-10-08,4.2560716,2.9999998
2013-10-09,3.4870653,0.99999994
2013-10-10,3.0664623,2.9999998
2013-10-11,3.0484965,6.0
2013-10-12,3.7331712,1.9999999
2013-10-13,4.4769783,11.0
2013-10-14,4.488249,0.99999994
2013-10-15,3.8250506,6.0
2013-10-16,3.1296258,1.9999999
2013-10-17,2.86135,0.0
2013-10-18,3.0315847,0.99999994
2013-10-19,4.1537876,6.0
2013-10-20,4.991131,6.0
2013-10-21,5.033317,5.0
2013-10-22,4.3398547,2.9999998
2013-10-23,3.5293355,1.9999999
2013-10-24,3.108017,1.9999999
2013-10-25,3.1494224,1.9999999
2013-10-26,4.014264,0.99999994
2013-10-27,4.7729783,6.0
2013-10-28,4.810527,7.0000005
2013-10-29,4.160583,1.9999999
2013-10-30,3.4077258,0.99999994
2013-10-31,3.0339963,3.9999998
2013-11-01,3.0415094,2.9999998
2013-11-02,3.7664413,2.9999998
2013-11-03,4.5337367,8.0
2013-11-04,4.588097,0.99999994
2013-11-05,3.976527,3.9999998
2013-11-06,3.261194,1.9999999
2013-11-07,2.9612646,6.0
2013-11-08,3.018964,8.0
2013-11-09,3.907836,0.0
2013-11-10,4.66553,8.0
2013-11-11,4.663896,3.9999998
2013-11-12,3.981058,6.0
2013-11-13,3.2229412,0.99999994
2013-11-14,2.9271963,0.99999994
2013-11-15,3.0336409,0.0
2013-11-16,4.087562,3.9999998
2013-11-17,4.909915,2.9999998
2013-11-18,4.9122005,5.0
2013-11-19,4.202763,1.9999999
2013-11-20,3.4142313,1.9999999
2013-11-21,3.022917,5.0
2013-11-22,3.0251617,6.0
2013-11-23,3.7775404,0.99999994
2013-11-24,4.529674,7.0000005
2013-11-25,4.5297246,3.9999998
2013-11-26,3.850967,8.0
2013-11-27,3.1350498,1.9999999
2013-11-28,2.8342328,2.9999998
2013-11-29,2.8948412,0.99999994
2013-11-30,3.7833116,0.99999994
2013-12-01,4.5971713,2.9999998
2013-12-02,4.6366005,6.0
2013-12-03,4.001351,5.0
2013-12-04,3.2733498,3.9999998
2013-12-05,2.9740498,1.9999999
2013-12-06,3.069956,3.9999998
2013-12-07,3.969791,7.0000005
2013-12-08,4.631969,6.0
2013-12-09,4.56235,7.0000005
2013-12-10,3.8427873,2.9999998
2013-12-11,3.130162,6.0
2013-12-12,2.8239644,1.9999999
2013-12-13,2.9018862,1.9999999
2013-12-14,3.8305764,6.0
2013-12-15,4.6157985,0.99999994
2013-12-16,4.5963645,1.9999999
2013-12-17,3.9025626,11.0
2013-12-18,3.1483037,0.99999994
2013-12-19,2.843079,3.9999998
2013-12-20,2.9411101,0.99999994
2013-12-21,3.971105,2.9999998
2013-12-22,4.788121,5.0
2013-12-23,4.770827,9.0
2013-12-24,4.053594,3.9999998
2013-12-25,3.2842543,0.99999994
2013-12-26,2.9722633,0.0
2013-12-27,3.0506115,0.99999994
2013-12-28,4.01554,6.0
2013-12-29,4.7894225,5.0
2013-12-30,4.7815714,5.0
2013-12-31,4.1003103,3.9999998
2014-01-01,3.3481765,1.9999999
2014-01-02,3.0157628,1.9999999
2014-01-03,3.0671625,1.9999999
2014-01-04,3.9232948,7.0000005
2014-01-05,4.6452847,2.9999998
2014-01-06,4.642973,6.0
2014-01-07,3.9832199,7.0000005
2014-01-08,3.2466326,3.9999998
2014-01-09,2.932192,2.9999998
2014-01-10,2.9504652,1.9999999
2014-01-11,3.7141247,2.9999998
2014-01-12,4.458935,6.0
2014-01-13,4.4312468,5.0
2014-01-14,3.7410445,7.0000005
2014-01-15,3.0652175,0.99999994
2014-01-16,2.7865472,1.9999999
2014-01-17,2.876529,3.9999998
2014-01-18,3.7477636,3.9999998
2014-01-19,4.4506273,7.0000005
2014-01-20,4.3595395,3.9999998
2014-01-21,3.6563654,2.9999998
2014-01-22,3.0085132,2.9999998
2014-01-23,2.675428,2.9999998
2014-01-24,2.7331274,3.9999998
2014-01-25,3.5600324,2.9999998
2014-01-26,4.3575864,2.9999998
2014-01-27,4.328828,7.0000005
2014-01-28,3.6458874,9.0
2014-01-29,2.994262,0.0
2014-01-30,2.66708,1.9999999
2014-01-31,2.7367933,3.9999998
2014-02-01,3.612196,2.9999998
2014-02-02,4.3922844,7.0000005
2014-02-03,4.3639483,2.9999998
2014-02-04,3.6820076,3.9999998
2014-02-05,3.043657,3.9999998
2014-02-06,2.8096008,3.9999998
2014-02-07,3.0329187,2.9999998
2014-02-08,4.0308285,3.9999998
2014-02-09,4.679279,8.0
2014-02-10,4.5555415,6.0
2014-02-11,3.8022323,3.9999998
2014-02-12,3.1005151,2.9999998
2014-02-13,2.7985668,2.9999998
2014-02-14,2.8424177,2.9999998
2014-02-15,3.6588044,1.9999999
2014-02-16,4.366466,5.0
2014-02-17,4.285091,10.0
2014-02-18,3.600809,5.0
2014-02-19,2.9831345,0.0
2014-02-20,2.6857677,5.0
2014-02-21,2.8220682,2.9999998
2014-02-22,3.8491979,7.0000005
2014-02-23,4.6180882,9.0
2014-02-24,4.56773,1.9999999
2014-02-25,3.8693786,0.0
2014-02-26,3.1691642,0.99999994
2014-02-27,2.9297168,1.9999999
2014-02-28,3.084235,3.9999998
2014-03-01,4.0285687,3.9999998
2014-03-02,4.6962137,8.0
2014-03-03,4.6286926,3.9999998
2014-03-04,3.9508605,0.99999994
2014-03-05,3.2456813,3.9999998
2014-03-06,2.9720812,1.9999999
2014-03-07,3.0636299,2.9999998
2014-03-08,3.9222534,3.9999998
2014-03-09,4.6018267,2.9999998
2014-03-10,4.5767713,7.0000005
2014-03-11,3.9089003,10.0
2014-03-12,3.1838088,0.0
2014-03-13,2.9112005,1.9999999
2014-03-14,2.9778435,0.99999994
2014-03-15,3.8099804,1.9999999
2014-03-16,4.5418663,2.9999998
2014-03-17,4.537822,5.0
2014-03-18,3.8799682,1.9999999
2014-03-19,3.178354,0.99999994
2014-03-20,2.9165025,3.9999998
2014-03-21,3.0024743,3.9999998
2014-03-22,3.7964773,6.0
2014-03-23,4.4469028,5.0
2014-03-24,4.3560605,2.9999998
2014-03-25,3.669019,2.9999998
2014-03-26,3.0329957,0.99999994
2014-03-27,2.7054033,0.99999994
2014-03-28,2.7114573,5.0
2014-03-29,3.2898917,0.99999994
2014-03-30,4.0359435,0.0
2014-03-31,4.013666,5.0
2014-04-01,3.3828754,2.9999998
2014-04-02,2.8727849,0.99999994
2014-04-03,2.5504975,5.0
2014-04-04,2.6009328,0.99999994
2014-04-05,3.2747893,7.0000005
2014-04-06,4.072041,1.9999999
2014-04-07,4.069715,2.9999998
2014-04-08,3.4699197,3.9999998
2014-04-09,2.9310222,2.9999998
2014-04-10,2.6339903,1.9999999
2014-04-11,2.681743,7.0000005
2014-04-12,3.3208787,1.9999999
2014-04-13,4.0285373,1.9999999
2014-04-14,3.9918714,2.9999998
2014-04-15,3.367482,0.99999994
2014-04-16,2.8681302,1.9999999
2014-04-17,2.5465453,5.0
2014-04-18,2.5834756,0.99999994
2014-04-19,3.2016623,3.9999998
2014-04-20,3.9573894,2.9999998
2014-04-21,3.9198065,1.9999999
2014-04-22,3.243992,3.9999998
2014-04-23,2.7463062,0.99999994
2014-04-24,2.4440453,2.9999998
2014-04-25,2.441041,1.9999999
2014-04-26,2.797569,2.9999998
2014-04-27,3.6198773,5.0
2014-04-28,3.6384902,2.9999998
2014-04-29,3.0290513,7.0000005
2014-04-30,2.5825124,0.0
2014-05-01,2.370872,0.0
2014-05-02,2.402364,0.0
2014-05-03,2.795832,1.9999999
2014-05-04,3.7263834,5.0
2014-05-05,3.8048089,3.9999998
2014-05-06,3.2405825,3.9999998
2014-05-07,2.75164,0.99999994
2014-05-08,2.4943604,0.99999994
2014-05-09,2.5012126,1.9999999
2014-05-10,3.0474975,2.9999998
2014-05-11,3.820938,0.99999994
2014-05-12,3.8157992,2.9999998
2014-05-13,3.175073,1.9999999
2014-05-14,2.68057,1.9999999
2014-05-15,2.4031568,2.9999998
2014-05-16,2.3683913,0.0
2014-05-17,2.5452464,1.9999999
2014-05-18,3.1724799,6.0
2014-05-19,3.202886,2.9999998
2014-05-20,2.7400012,1.9999999
2014-05-21,2.4393187,1.9999999
2014-05-22,2.1767142,0.0
2014-05-23,2.184353,1.9999999
2014-05-24,2.4810998,0.99999994
2014-05-25,3.0758398,3.9999998
2014-05-26,3.160501,1.9999999
2014-05-27,2.696332,1.9999999
2014-05-28,2.4118714,1.9999999
2014-05-29,2.1213894,2.9999998
2014-05-30,2.0835612,1.9999999
2014-05-31,2.385399,1.9999999
2014-06-01,2.8543897,6.0
2014-06-02,2.948725,2.9999998
2014-06-03,2.571353,2.9999998
2014-06-04,2.2954595,0.99999994
2014-06-05,2.0415936,0.99999994
2014-06-06,2.076811,0.99999994
2014-06-07,2.4611192,1.9999999
2014-06-08,3.110879,0.99999994
2014-06-09,3.246463,2.9999998
2014-06-10,2.7570915,1.9999999
2014-06-11,2.4423468,0.99999994
2014-06-12,2.1542072,1.9999999
2014-06-13,2.0916297,0.99999994
2014-06-14,2.3418155,0.0
2014-06-15,2.667744,1.9999999
2014-06-16,2.6980224,2.9999998
2014-06-17,2.4381235,0.99999994
2014-06-18,2.0705895,6.0
2014-06-19,1.8634404,0.0
2014-06-20,1.8249319,1.9999999
2014-06-21,2.0172944,1.9999999
2014-06-22,2.502718,0.0
2014-06-23,2.708965,8.0
2014-06-24,2.4447489,2.9999998
2014-06-25,2.1471171,0.99999994
2014-06-26,1.9756832,5.0
2014-06-27,2.1316662,2.9999998
2014-06-28,2.8261983,1.9999999
2014-06-29,3.819709,2.9999998
2014-06-30,3.839158,3.9999998
2014-07-01,3.2120357,2.9999998
2014-07-02,2.6296866,2.9999998
2014-07-03,2.389695,5.0
2014-07-04,2.4000835,1.9999999
2014-07-05,2.80955,1.9999999
2014-07-06,3.6886687,6.0
2014-07-07,3.7350082,3.9999998
2014-07-08,3.1410532,2.9999998
2014-07-09,2.6512406,0.99999994
2014-07-10,2.4141736,0.99999994
2014-07-11,2.3907983,3.9999998
2014-07-12,2.6092582,0.99999994
2014-07-13,3.318621,2.9999998
2014-07-14,3.3784828,2.9999998
2014-07-15,2.879662,2.9999998
2014-07-16,2.4933314,0.0
2014-07-17,2.2685692,1.9999999
2014-07-18,2.2575,1.9999999
2014-07-19,2.4907808,0.0
2014-07-20,3.053058,3.9999998
2014-07-21,3.1265368,1.9999999
2014-07-22,2.6665328,0.99999994
2014-07-23,2.3921335,5.0
2014-07-24,2.0807927,0.99999994
2014-07-25,2.0236773,0.99999994
2014-07-26,2.3325536,5.0
2014-07-27,2.7956276,0.99999994
2014-07-28,2.9428906,5.0
2014-07-29,2.5842295,3.9999998
2014-07-30,2.318751,2.9999998
2014-07-31,2.0643032,2.9999998
2014-08-01,2.1012485,0.99999994
2014-08-02,2.5378246,2.9999998
2014-08-03,3.3899143,2.9999998
2014-08-04,3.6036842,1.9999999
2014-08-05,3.0501611,3.9999998
2014-08-06,2.549414,0.99999994
2014-08-07,2.3212082,3.9999998
2014-08-08,2.264932,1.9999999
2014-08-09,2.5076427,2.9999998
2014-08-10,3.1051154,0.99999994
2014-08-11,3.2097254,3.9999998
2014-08-12,2.7290843,0.0
2014-08-13,2.412364,5.0
2014-08-14,2.0997338,1.9999999
2014-08-15,2.0350182,1.9999999
2014-08-16,2.356873,2.9999998
2014-08-17,2.8769457,0.99999994
2014-08-18,3.069964,3.9999998
2014-08-19,2.6324983,2.9999998
2014-08-20,2.3616555,3.9999998
2014-08-21,2.0740502,1.9999999
2014-08-22,2.0555842,2.9999998
2014-08-23,2.4026988,2.9999998
2014-08-24,3.0174222,3.9999998
2014-08-25,3.1612666,0.99999994
2014-08-26,2.671997,3.9999998
2014-08-27,2.3727512,2.9999998
2014-08-28,2.0667999,2.9999998
2014-08-29,2.0235987,1.9999999
2014-08-30,2.346017,2.9999998
2014-08-31,2.8861256,7.0000005
2014-09-01,3.0224211,3.9999998
2014-09-02,2.6022463,1.9999999
2014-09-03,2.3084726,3.9999998
2014-09-04,2.0390322,2.9999998
2014-09-05,2.0808756,0.99999994
2014-09-06,2.5660086,1.9999999
2014-09-07,3.5346148,2.9999998
2014-09-08,3.685389,5.0
2014-09-09,3.0532522,6.0
2014-09-10,2.520123,2.9999998
2014-09-11,2.2709255,3.9999998
2014-09-12,2.226904,0.99999994
2014-09-13,2.506743,1.9999999
2014-09-14,3.3309865,2.9999998
2014-09-15,3.5200005,7.0000005
2014-09-16,2.9424977,2.9999998
2014-09-17,2.4974136,3.9999998
2014-09-18,2.2813404,2.9999998
2014-09-19,2.303332,0.99999994
2014-09-20,2.6535583,2.9999998
2014-09-21,3.6395223,9.0
2014-09-22,3.727635,9.0
2014-09-23,3.097125,3.9999998
2014-09-24,2.594587,3.9999998
2014-09-25,2.4086728,1.9999999
2014-09-26,2.4854355,0.0
2014-09-27,3.3862934,3.9999998
2014-09-28,4.3612256,5.0
2014-09-29,4.442359,7.0000005
2014-09-30,3.8084574,5.0
2014-10-01,3.093854,5.0
2014-10-02,2.7751594,1.9999999
2014-10-03,2.7894864,3.9999998
2014-10-04,3.6312127,6.0
2014-10-05,4.4542794,0.0
2014-10-06,4.4932814,3.9999998
2014-10-07,3.8338661,0.99999994
2014-10-08,3.1124103,0.0
2014-10-09,2.7752528,0.0
2014-10-10,2.7317107,3.9999998
2014-10-11,3.2776608,1.9999999
2014-10-12,4.034048,1.9999999
2014-10-13,4.010041,1.9999999
2014-10-14,3.3293402,3.9999998
2014-10-15,2.7806396,2.9999998
2014-10-16,2.412341,1.9999999
2014-10-17,2.3401167,1.9999999
2014-10-18,2.5691512,0.99999994
2014-10-19,3.4277866,0.99999994
2014-10-20,3.5654655,5.0
2014-10-21,2.9665368,0.99999994
2014-10-22,2.5108874,1.9999999
2014-10-23,2.2558157,2.9999998
2014-10-24,2.1648917,1.9999999
2014-10-25,2.4215913,0.99999994
2014-10-26,2.9405537,0.99999994
2014-10-27,3.0854387,1.9999999
2014-10-28,2.615993,0.99999994
2014-10-29,2.3600569,5.0
2014-10-30,2.0431483,0.0
2014-10-31,1.9734199,2.9999998
2014-11-01,2.281836,0.0
2014-11-02,2.7018507,5.0
2014-11-03,2.8076253,1.9999999
2014-11-04,2.50266,8.0
2014-11-05,2.205448,0.99999994
2014-11-06,1.9807016,2.9999998
2014-11-07,2.090233,1.9999999
2014-11-08,2.68451,1.9999999
2014-11-09,3.7386727,5.0
2014-11-10,3.7441425,5.0
2014-11-11,3.038517,2.9999998
2014-11-12,2.5127816,2.9999998
2014-11-13,2.2787695,0.0
2014-11-14,2.290798,1.9999999
2014-11-15,2.6627564,1.9999999
2014-11-16,3.6962137,1.9999999
2014-11-17,3.7579396,2.9999998
2014-11-18,3.0977287,1.9999999
2014-11-19,2.5649939,0.99999994
2014-11-20,2.298082,1.9999999
2014-11-21,2.1864758,1.9999999
2014-11-22,2.3945453,0.99999994
2014-11-23,2.6954381,1.9999999
2014-11-24,2.7109036,0.99999994
2014-11-25,2.450913,1.9999999
2014-11-26,2.1185656,0.99999994
2014-11-27,1.8779048,1.9999999
2014-11-28,1.8579091,0.0
2014-11-29,1.9502434,3.9999998
2014-11-30,2.2534192,1.9999999
2014-12-01,2.3353057,0.99999994
2014-12-02,2.1535702,0.0
2014-12-03,1.8930874,0.99999994
2014-12-04,1.7945704,1.9999999
2014-12-05,1.8369805,0.0
2014-12-06,2.1119018,1.9999999
2014-12-07,2.5394554,5.0
2014-12-08,2.5924373,0.0
2014-12-09,2.2912312,0.0
2014-12-10,1.9580129,2.9999998
2014-12-11,1.7739328,2.9999998
2014-12-12,1.7917883,0.99999994
2014-12-13,2.0511324,2.9999998
2014-12-14,2.5182385,2.9999998
2014-12-15,2.6637123,5.0
2014-12-16,2.3438585,0.0
2014-12-17,2.0256605,0.0
2014-12-18,1.8147153,0.99999994
2014-12-19,1.8502783,3.9999998
2014-12-20,2.2042375,0.0
2014-12-21,2.8082123,5.0
2014-12-22,2.9146514,3.9999998
2014-12-23,2.4755015,0.99999994
2014-12-24,2.0937402,0.99999994
2014-12-25,1.8464644,0.99999994
2014-12-26,1.8350449,0.0
2014-12-27,2.146838,0.99999994
2014-12-28,2.6358588,0.99999994
2014-12-29,2.7481856,2.9999998
2014-12-30,2.388455,0.0
2014-12-31,2.0310678,0.99999994
2015-01-01,1.8152306,2.9999998
2015-01-02,1.7834136,0.0
2015-01-03,1.931644,1.9999999
2015-01-04,2.2585893,0.99999994
2015-01-05,2.342761,1.9999999
2015-01-06,2.1409287,2.9999998
2015-01-07,1.8579525,2.9999998
2015-01-08,1.7494701,0.0
2015-01-09,1.7629844,3.9999998
2015-01-10,1.8922772,0.99999994
2015-01-11,2.1445563,1.9999999
2015-01-12,2.2139125,1.9999999
2015-01-13,2.0685096,3.9999998
2015-01-14,1.8692887,0.0
2015-01-15,1.7800546,1.9999999
2015-01-16,1.8337257,0.99999994
2015-01-17,2.1081781,0.99999994
2015-01-18,2.4906561,2.9999998
2015-01-19,2.5814028,0.0
2015-01-20,2.2554505,0.99999994
2015-01-21,1.9177717,0.99999994
2015-01-22,1.7306588,1.9999999
2015-01-23,1.7264509,1.9999999
2015-01-24,1.873471,2.9999998
2015-01-25,2.120078,2.9999998
2015-01-26,2.1798384,0.0
2015-01-27,2.0035782,0.99999994
2015-01-28,1.8095559,1.9999999
2015-01-29,1.729278,2.9999998
2015-01-30,1.7592446,0.99999994
2015-01-31,1.9446687,2.9999998
2015-02-01,2.2143922,2.9999998
2015-02-02,2.291867,2.9999998
2015-02-03,2.0927677,0.99999994
2015-02-04,1.871678,3.9999998
2015-02-05,1.7646887,2.9999998
2015-02-06,1.8170855,1.9999999
2015-02-07,2.0834956,2.9999998
2015-02-08,2.487545,1.9999999
2015-02-09,2.604887,1.9999999
2015-02-10,2.2738633,0.99999994
2015-02-11,1.9304686,0.0
2015-02-12,1.738538,2.9999998
2015-02-13,1.7318362,0.99999994
2015-02-14,1.8852295,1.9999999
2015-02-15,2.1415913,0.99999994
2015-02-16,2.1910348,0.99999994
2015-02-17,1.9804695,5.0
2015-02-18,1.7707404,0.99999994
2015-02-19,1.7075874,0.99999994
2015-02-20,1.7413363,0.0
2015-02-21,1.8794351,7.0000005
2015-02-22,2.1470633,0.0
2015-02-23,2.2535179,0.99999994
2015-02-24,2.1198196,0.0
2015-02-25,1.9392562,0.0
2015-02-26,1.8541061,0.0
2015-02-27,1.929906,0.0
2015-02-28,2.2411993,2.9999998
2015-03-01,2.6991596,3.9999998
2015-03-02,2.7339828,5.0
2015-03-03,2.356725,0.99999994
2015-03-04,1.9905996,1.9999999
2015-03-05,1.776553,0.0
2015-03-06,1.8187495,0.99999994
2015-03-07,2.136957,0.99999994
2015-03-08,2.5940008,1.9999999
2015-03-09,2.6594057,0.99999994
2015-03-10,2.2915802,2.9999998
2015-03-11,1.9333321,0.0
2015-03-12,1.7273761,0.0
2015-03-13,1.7113276,2.9999998
2015-03-14,1.8439473,0.99999994
2015-03-15,2.0880075,1.9999999
2015-03-16,2.158055,1.9999999
2015-03-17,1.9760993,2.9999998
2015-03-18,1.7852888,3.9999998
2015-03-19,1.7115593,0.99999994
2015-03-20,1.7378274,8.0
2015-03-21,1.908614,0.0
2015-03-22,2.2038739,1.9999999
2015-03-23,2.3654065,0.99999994
2015-03-24,2.2304766,0.99999994
2015-03-25,1.9989833,2.9999998
2015-03-26,1.8916903,5.0
2015-03-27,1.9871821,0.99999994
2015-03-28,2.4258263,0.99999994
2015-03-29,3.1089828,0.99999994
2015-03-30,3.134097,2.9999998
2015-03-31,2.6017995,1.9999999
2015-04-01,2.136452,1.9999999
2015-04-02,1.8376229,5.0
2015-04-03,1.7859087,0.0
2015-04-04,2.0596,2.9999998
2015-04-05,2.49033,0.0
2015-04-06,2.5827868,2.9999998
2015-04-07,2.2688217,0.99999994
2015-04-08,1.9392486,0.99999994
2015-04-09,1.7541096,1.9999999
2015-04-10,1.7726016,3.9999998
2015-04-11,2.0048018,3.9999998
2015-04-12,2.3718395,3.9999998
2015-04-13,2.4476154,1.9999999
2015-04-14,2.1792967,0.0
2015-04-15,1.8691581,3.9999998
2015-04-16,1.7371385,0.0
2015-04-17,1.7940757,1.9999999
2015-04-18,2.1302023,5.0
2015-04-19,2.6897135,0.99999994
2015-04-20,2.8245668,1.9999999
2015-04-21,2.4347491,3.9999998
2015-04-22,2.0656035,1.9999999
2015-04-23,1.818717,0.99999994
2015-04-24,1.8276256,0.0
2015-04-25,2.1259964,0.99999994
2015-04-26,2.5562043,2.9999998
2015-04-27,2.6161246,5.0
2015-04-28,2.2717295,0.99999994
2015-04-29,1.9350313,1.9999999
2015-04-30,1.7423565,0.0
2015-05-01,1.7644795,2.9999998
2015-05-02,2.0065653,1.9999999
2015-05-03,2.4298618,8.0
2015-05-04,2.588121,0.99999994
2015-05-05,2.32245,0.99999994
2015-05-06,2.0456414,0.99999994
2015-05-07,1.8658108,2.9999998
2015-05-08,1.9515413,2.9999998
2015-05-09,2.4259453,2.9999998
2015-05-10,3.2251513,3.9999998
2015-05-11,3.3206246,2.9999998
2015-05-12,2.80473,0.0
2015-05-13,2.3303704,0.99999994
2015-05-14,2.002921,1.9999999
2015-05-15,1.9505987,0.0
2015-05-16,2.2187922,1.9999999
2015-05-17,2.6517663,5.0
2015-05-18,2.7202024,0.99999994
2015-05-19,2.4014063,1.9999999
2015-05-20,2.039508,2.9999998
2015-05-21,1.8204876,1.9999999
2015-05-22,1.7859234,1.9999999
2015-05-23,1.9875925,1.9999999
2015-05-24,2.3799357,2.9999998
2015-05-25,2.4773085,2.9999998
2015-05-26,2.233149,0.99999994
2015-05-27,1.928538,0.99999994
2015-05-28,1.7478402,0.0
2015-05-29,1.75249,6.0
2015-05-30,1.938971,0.99999994
2015-05-31,2.3137698,2.9999998
2015-06-01,2.4889688,1.9999999
2015-06-02,2.2831013,0.99999994
2015-06-03,2.0064986,7.0000005
2015-06-04,1.8301269,2.9999998
2015-06-05,1.8981767,0.99999994
2015-06-06,2.3118315,1.9999999
2015-06-07,3.108908,0.99999994
2015-06-08,3.2933426,1.9999999
2015-06-09,2.8410609,2.9999998
2015-06-10,2.3804512,0.99999994
2015-06-11,2.092875,3.9999998
2015-06-12,2.0801535,0.99999994
2015-06-13,2.4044905,1.9999999
2015-06-14,2.891631,2.9999998
2015-06-15,2.9029374,5.0
2015-06-16,2.517333,0.0
2015-06-17,2.1261783,0.0
2015-06-18,1.8686018,1.9999999
2015-06-19,1.8192079,0.99999994
2015-06-20,2.001204,3.9999998
2015-06-21,2.3904932,0.0
2015-06-22,2.501968,1.9999999
2015-06-23,2.2666545,3.9999998
2015-06-24,1.9692092,0.0
2015-06-25,1.7878338,0.99999994
2015-06-26,1.8184907,1.9999999
2015-06-27,2.1249537,0.99999994
2015-06-28,2.6079717,0.0
2015-06-29,2.7111676,5.0
2015-06-30,2.3798447,0.0
2015-07-01,2.0303009,2.9999998
2015-07-02,1.7954805,1.9999999
2015-07-03,1.8049911,0.99999994
2015-07-04,2.1119113,6.0
2015-07-05,2.607201,1.9999999
2015-07-06,2.7247927,0.99999994
2015-07-07,2.4016635,0.99999994
2015-07-08,2.0650146,2.9999998
2015-07-09,1.8567762,2.9999998
2015-07-10,1.9081836,1.9999999
2015-07-11,2.338572,1.9999999
2015-07-12,3.0000513,2.9999998
2015-07-13,3.0956938,1.9999999
2015-07-14,2.6363857,3.9999998
2015-07-15,2.1939445,0.99999994
2015-07-16,1.8957118,0.99999994
2015-07-17,1.8240826,1.9999999
2015-07-18,2.0400214,1.9999999
2015-07-19,2.4418635,5.0
2015-07-20,2.5295937,6.0
2015-07-21,2.2551327,1.9999999
2015-07-22,1.9458535,1.9999999
2015-07-23,1.7808578,1.9999999
2015-07-24,1.8457562,0.0
2015-07-25,2.2677827,3.9999998
2015-07-26,2.9743302,0.0
2015-07-27,3.1282725,1.9999999
2015-07-28,2.6878054,2.9999998
2015-07-29,2.2649155,1.9999999
2015-07-30,1.9745309,2.9999998
2015-07-31,1.926681,0.99999994
2015-08-01,2.2102373,1.9999999
2015-08-02,2.6690047,0.99999994
2015-08-03,2.7803528,2.9999998
2015-08-04,2.4587317,3.9999998
2015-08-05,2.0891922,0.0
2015-08-06,1.8415669,1.9999999
2015-08-07,1.8034124,2.9999998
2015-08-08,2.0288405,0.0
2015-08-09,2.4468336,2.9999998
2015-08-10,2.5549428,0.0
2015-08-11,2.2877343,0.99999994
2015-08-12,1.9704335,0.99999994
2015-08-13,1.7803614,2.9999998
2015-08-14,1.7877699,1.9999999
2015-08-15,2.0213146,0.0
2015-08-16,2.4249003,1.9999999
2015-08-17,2.5432792,3.9999998
2015-08-18,2.2730634,0.99999994
2015-08-19,1.9588951,1.9999999
2015-08-20,1.7597932,0.0
2015-08-21,1.7635257,0.99999994
2015-08-22,1.9604572,0.0
2015-08-23,2.3156815,1.9999999
2015-08-24,2.4364214,5.0
2015-08-25,2.211676,2.9999998
2015-08-26,1.9139516,1.9999999
2015-08-27,1.7548895,0.99999994
2015-08-28,1.788494,0.0
2015-08-29,2.062657,0.99999994
2015-08-30,2.5271115,0.99999994
2015-08-31,2.6952128,3.9999998
2015-09-01,2.3741777,0.99999994
2015-09-02,2.0292091,0.0
2015-09-03,1.7902455,2.9999998
2015-09-04,1.7875533,2.9999998
2015-09-05,2.0202074,1.9999999
2015-09-06,2.4273934,0.99999994
2015-09-07,2.562285,3.9999998
2015-09-08,2.270341,2.9999998
2015-09-09,1.936175,0.99999994
2015-09-10,1.7396437,5.0
2015-09-11,1.7395724,1.9999999
2015-09-12,1.9614556,0.0
2015-09-13,2.4229374,0.99999994
2015-09-14,2.655068,7.0000005
2015-09-15,2.3845499,0.99999994
2015-09-16,2.0739713,0.99999994
2015-09-17,1.8566813,1.9999999
2015-09-18,1.9000537,0.0
2015-09-19,2.2933888,2.9999998
2015-09-20,2.9826124,5.0
2015-09-21,3.0785189,1.9999999
2015-09-22,2.6079977,0.0
2015-09-23,2.1666987,1.9999999
2015-09-24,1.8765624,2.9999998
2015-09-25,1.8293176,0.99999994
2015-09-26,2.1058364,0.99999994
2015-09-27,2.5416114,0.99999994
2015-09-28,2.666345,2.9999998
2015-09-29,2.3729386,3.9999998
2015-09-30,2.0127635,0.99999994
2015-10-01,1.7936682,0.0
2015-10-02,1.7680058,0.99999994
2015-10-03,1.9722184,0.99999994
2015-10-04,2.3757143,0.99999994
2015-10-05,2.4966776,0.99999994
2015-10-06,2.2433672,0.99999994
2015-10-07,1.9284632,0.99999994
2015-10-08,1.7502891,2.9999998
2015-10-09,1.7454889,0.0
2015-10-10,1.8904315,0.99999994
2015-10-11,2.1596456,1.9999999
2015-10-12,2.2335277,0.99999994
2015-10-13,2.036542,1.9999999
2015-10-14,1.8060508,0.99999994
2015-10-15,1.7304306,1.9999999
2015-10-16,1.7536876,0.99999994
2015-10-17,1.8725717,2.9999998
2015-10-18,2.116024,0.99999994
2015-10-19,2.2157912,3.9999998
2015-10-20,2.0730777,5.0
2015-10-21,1.8821595,2.9999998
2015-10-22,1.7935483,0.0
2015-10-23,1.8498846,0.99999994
2015-10-24,2.1145408,2.9999998
2015-10-25,2.5457523,0.99999994
2015-10-26,2.7430806,0.0
2015-10-27,2.4379594,2.9999998
2015-10-28,2.0787613,1.9999999
2015-10-29,1.8422577,5.0
2015-10-30,1.8207631,0.99999994
2015-10-31,2.0597394,0.99999994
2015-11-01,2.4519353,0.0
2015-11-02,2.5558238,2.9999998
2015-11-03,2.2504647,0.99999994
2015-11-04,1.9201881,0.99999994
2015-11-05,1.7449387,0.99999994
2015-11-06,1.7607118,0.99999994
2015-11-07,1.9772767,0.99999994
2015-11-08,2.3079464,2.9999998
2015-11-09,2.3571527,2.9999998
2015-11-10,2.1075776,0.99999994
2015-11-11,1.8136646,2.9999998
2015-11-12,1.7097282,0.0
2015-11-13,1.725539,0.0
2015-11-14,1.8455136,2.9999998
2015-11-15,2.1093125,2.9999998
2015-11-16,2.1925724,0.99999994
2015-11-17,2.0580764,0.0
2015-11-18,1.8691399,0.99999994
2015-11-19,1.7793002,0.0
2015-11-20,1.8130319,2.9999998
2015-11-21,1.9942977,1.9999999
2015-11-22,2.2518957,2.9999998
2015-11-23,2.3072424,0.99999994
2015-11-24,2.0994725,0.0
2015-11-25,1.8658549,1.9999999
2015-11-26,1.7511829,0.99999994
2015-11-27,1.7683681,0.0
2015-11-28,1.9307026,1.9999999
2015-11-29,2.1462524,0.0
2015-11-30,2.194011,0.99999994
2015-12-01,2.0254087,0.99999994
2015-12-02,1.8294705,1.9999999
2015-12-03,1.7556593,3.9999998
2015-12-04,1.7860361,0.99999994
2015-12-05,1.9267876,2.9999998
2015-12-06,2.1781187,0.99999994
2015-12-07,2.2522829,2.9999998
2015-12-08,2.102113,3.9999998
2015-12-09,1.901226,0.99999994
2015-12-10,1.8173696,0.0
2015-12-11,1.8520775,0.0
2015-12-12,2.0708408,0.99999994
2015-12-13,2.355748,5.0
2015-12-14,2.4124188,0.0
2015-12-15,2.1692507,1.9999999
2015-12-16,1.8990178,0.0
2015-12-17,1.7575538,2.9999998
2015-12-18,1.7679261,3.9999998
2015-12-19,1.9548941,0.99999994
2015-12-20,2.264677,0.99999994
2015-12-21,2.3722475,0.0
2015-12-22,2.1567986,0.99999994
2015-12-23,1.8927162,2.9999998
2015-12-24,1.7462893,0.0
2015-12-25,1.7476523,0.99999994
2015-12-26,1.8965309,0.0
2015-12-27,2.1289396,1.9999999
2015-12-28,2.1716418,0.99999994
2015-12-29,2.0084481,0.99999994
2015-12-30,1.8091044,8.0
2015-12-31,1.7426467,0.99999994
2016-01-01,1.7805715,0.0
2016-01-02,1.9708035,0.99999994
2016-01-03,2.2979918,0.99999994
2016-01-04,2.4395711,2.9999998
2016-01-05,2.275227,0.99999994
2016-01-06,2.0266109,0.0
2016-01-07,1.8874781,0.99999994
2016-01-08,1.934367,0.0
2016-01-09,2.1496375,5.0
2016-01-10,2.4026163,2.9999998
2016-01-11,2.3535511,2.9999998
2016-01-12,2.0693767,0.0
2016-01-13,1.7866402,0.0
2016-01-14,1.6837003,2.9999998
2016-01-15,1.7267047,1.9999999
2016-01-16,1.9500195,0.0
2016-01-17,2.2549713,2.9999998
2016-01-18,2.316039,1.9999999
2016-01-19,2.077916,3.9999998
2016-01-20,1.816604,0.99999994
2016-01-21,1.700724,2.9999998
2016-01-22,1.7257435,0.0
2016-01-23,1.9124298,0.0
2016-01-24,2.2189312,0.0
2016-01-25,2.3169117,2.9999998
2016-01-26,2.1035006,1.9999999
2016-01-27,1.8552494,1.9999999
2016-01-28,1.7264382,0.99999994
2016-01-29,1.7462846,0.99999994
2016-01-30,1.8973777,0.0
2016-01-31,2.1108325,5.0
2016-02-01,2.1353204,5.0
2016-02-02,1.9540188,2.9999998
2016-02-03,1.7757115,0.99999994
2016-02-04,1.7204144,1.9999999
2016-02-05,1.7902498,0.99999994
2016-02-06,2.080401,2.9999998
2016-02-07,2.5279393,1.9999999
2016-02-08,2.68112,6.0
2016-02-09,2.345253,3.9999998
2016-02-10,1.9855313,1.9999999
2016-02-11,1.7793053,0.99999994
2016-02-12,1.7946882,0.0
2016-02-13,2.058913,3.9999998
2016-02-14,2.4597452,0.0
2016-02-15,2.570455,0.99999994
2016-02-16,2.250761,2.9999998
2016-02-17,1.9062461,3.9999998
2016-02-18,1.7194977,0.0
2016-02-19,1.7148583,1.9999999
2016-02-20,1.8899616,0.99999994
2016-02-21,2.2030334,1.9999999
2016-02-22,2.2954564,2.9999998
2016-02-23,2.0924397,2.9999998
2016-02-24,1.8397123,0.99999994
2016-02-25,1.7165757,1.9999999
2016-02-26,1.7466414,0.99999994
2016-02-27,1.9415615,1.9999999
2016-02-28,2.2203062,0.0
2016-02-29,2.2810552,0.0
2016-03-01,2.055853,0.99999994
2016-03-02,1.8087373,6.0
2016-03-03,1.6990387,3.9999998
2016-03-04,1.7229792,0.0
2016-03-05,1.9096202,0.0
2016-03-06,2.2487805,1.9999999
2016-03-07,2.4172738,5.0
2016-03-08,2.237667,2.9999998
2016-03-09,1.96508,1.9999999
2016-03-10,1.8279685,0.0
2016-03-11,1.8883615,2.9999998
2016-03-12,2.199476,1.9999999
2016-03-13,2.6329956,0.0
2016-03-14,2.6764321,5.0
2016-03-15,2.2995632,2.9999998
2016-03-16,1.938201,2.9999998
2016-03-17,1.7387944,0.0
2016-03-18,1.7594553,0.99999994
2016-03-19,1.976985,3.9999998
2016-03-20,2.287599,2.9999998
2016-03-21,2.331553,0.0
2016-03-22,2.1070628,5.0
2016-03-23,1.8321686,2.9999998
2016-03-24,1.7144208,0.99999994
2016-03-25,1.7768502,0.0
2016-03-26,2.0400388,0.99999994
2016-03-27,2.4091556,3.9999998
2016-03-28,2.493469,5.0
2016-03-29,2.2103617,0.99999994
2016-03-30,1.9039036,0.0
2016-03-31,1.749446,3.9999998
2016-04-01,1.7975397,1.9999999
2016-04-02,2.0964522,0.99999994
2016-04-03,2.5477185,2.9999998
2016-04-04,2.6677997,0.99999994
2016-04-05,2.3472536,3.9999998
2016-04-06,2.0108347,3.9999998
2016-04-07,1.7977543,3.9999998
2016-04-08,1.8219373,0.0
2016-04-09,2.129995,0.0
2016-04-10,2.587865,8.0
2016-04-11,2.6646452,5.0
2016-04-12,2.316752,2.9999998
2016-04-13,1.9997263,0.0
2016-04-14,1.8199843,0.99999994
2016-04-15,1.9366721,3.9999998
2016-04-16,2.4611568,5.0
2016-04-17,3.229384,0.99999994
2016-04-18,3.2582376,7.0000005
2016-04-19,2.7502186,1.9999999
2016-04-20,2.3137622,0.0
2016-04-21,2.035789,2.9999998
2016-04-22,2.0784426,3.9999998
2016-04-23,2.4943328,0.99999994
2016-04-24,3.152184,0.99999994
